"","Words","count.present","A Tale of Two Cities","Barnaby Rudge","Bleak House","David Copperfield","Dombey and Son","Great Expectations","Hard Times","Little Dorrit","Martin Chuzzlewit","Mystery of Edwin Drood","Nicholas Nickleby","Oliver Twist","Our Mutual Friend","Pickwick","The Old Curiosity Shop"
"1","abusive",2,0,0,0,0,0,0,0,0,0,0,0,0,1,1,0
"2","accomplished",9,0,1,1,1,1,0,1,1,0,1,1,0,0,1,0
"3","active",13,1,1,1,1,1,0,1,1,1,1,1,1,1,0,1
"4","admirable",14,1,1,1,1,1,1,1,1,1,1,1,0,1,1,1
"5","adorable",2,0,0,0,0,0,0,0,1,0,0,0,0,1,0,0
"6","adventurous",9,1,1,1,1,1,0,0,1,0,0,1,0,1,1,0
"7","affectionate",15,1,1,1,1,1,1,1,1,1,1,1,1,1,1,1
"8","afraid",15,1,1,1,1,1,1,1,1,1,1,1,1,1,1,1
"9","aggravating",8,0,0,0,1,0,1,1,1,0,0,1,1,1,0,1
"10","aggressive",2,0,0,0,0,0,0,0,0,0,1,0,0,1,0,0
"11","agreeable",15,1,1,1,1,1,1,1,1,1,1,1,1,1,1,1
"12","alcoholic",1,0,0,0,0,0,0,0,1,0,0,0,0,0,0,0
"13","alert",4,0,1,1,0,1,0,0,0,0,0,0,0,1,0,0
"14","alone",2,0,0,0,0,0,0,0,1,0,0,0,0,1,0,0
"15","amazing",11,0,1,1,1,1,0,1,1,1,1,1,0,1,0,1
"16","ambitious",7,0,1,1,1,1,0,0,0,0,0,1,1,1,0,0
"17","amusing",10,0,1,1,1,1,0,1,1,0,0,1,1,1,1,0
"18","angry",15,1,1,1,1,1,1,1,1,1,1,1,1,1,1,1
"19","annoyed",0,0,0,0,0,0,0,0,0,0,0,0,0,0,0,0
"20","annoying",2,0,0,0,0,0,0,0,0,1,0,0,1,0,0,0
"21","anxious",15,1,1,1,1,1,1,1,1,1,1,1,1,1,1,1
"22","appealing",7,1,0,1,1,0,0,0,1,0,0,0,1,0,1,1
"23","appreciated",0,0,0,0,0,0,0,0,0,0,0,0,0,0,0,0
"24","appreciative",0,0,0,0,0,0,0,0,0,0,0,0,0,0,0,0
"25","argumentative",9,1,0,1,1,1,1,0,1,0,0,1,0,1,1,0
"26","arrogant",3,0,0,1,0,1,0,1,0,0,0,0,0,0,0,0
"27","artificial",11,0,0,1,1,1,1,1,1,1,0,1,0,1,1,1
"28","artistic",4,0,0,1,0,0,0,0,1,0,1,0,0,1,0,0
"29","ashamed",14,0,1,1,1,1,1,1,1,1,1,1,1,1,1,1
"30","assertive",0,0,0,0,0,0,0,0,0,0,0,0,0,0,0,0
"31","athletic",6,0,1,1,0,1,1,0,0,0,1,0,0,0,0,1
"32","attentive",13,1,1,1,1,1,1,1,1,1,1,1,1,1,0,0
"33","attractive",6,0,0,1,0,0,1,1,1,0,0,1,1,0,0,0
"34","average",8,0,0,1,1,0,0,1,1,1,0,0,0,1,1,1
"35","awake",4,0,1,1,0,0,0,0,0,0,0,0,0,0,1,1
"36","awesome",0,0,0,0,0,0,0,0,0,0,0,0,0,0,0,0
"37","awful",15,1,1,1,1,1,1,1,1,1,1,1,1,1,1,1
"38","awkward",14,1,1,1,1,1,0,1,1,1,1,1,1,1,1,1
"39","bad",15,1,1,1,1,1,1,1,1,1,1,1,1,1,1,1
"40","bashful",9,0,0,1,1,0,1,0,1,1,0,1,1,0,1,1
"41","beautiful",15,1,1,1,1,1,1,1,1,1,1,1,1,1,1,1
"42","believable",0,0,0,0,0,0,0,0,0,0,0,0,0,0,0,0
"43","big",14,1,1,1,1,1,1,1,1,1,1,1,1,1,1,0
"44","bitter",15,1,1,1,1,1,1,1,1,1,1,1,1,1,1,1
"45","blind",15,1,1,1,1,1,1,1,1,1,1,1,1,1,1,1
"46","bold",14,1,1,1,1,1,1,1,1,1,0,1,1,1,1,1
"47","bored",1,0,0,0,0,0,0,1,0,0,0,0,0,0,0,0
"48","boring",1,0,0,0,0,0,0,0,0,0,0,0,0,1,0,0
"49","bossy",0,0,0,0,0,0,0,0,0,0,0,0,0,0,0,0
"50","brave",0,0,0,0,0,0,0,0,0,0,0,0,0,0,0,0
"51","bright",15,1,1,1,1,1,1,1,1,1,1,1,1,1,1,1
"52","brilliant",13,0,1,1,1,1,1,0,1,1,1,1,1,1,1,1
"53","businesslike",3,0,0,0,0,1,0,0,1,0,0,0,0,0,0,1
"54","busy",15,1,1,1,1,1,1,1,1,1,1,1,1,1,1,1
"55","calm",13,1,1,1,1,1,1,1,1,1,0,0,1,1,1,1
"56","capable",14,1,0,1,1,1,1,1,1,1,1,1,1,1,1,1
"57","carefree",0,0,0,0,0,0,0,0,0,0,0,0,0,0,0,0
"58","careful",13,1,1,1,1,1,1,0,1,1,1,1,0,1,1,1
"59","careless",12,1,1,1,1,0,1,1,1,1,0,1,1,1,1,0
"60","caring",0,0,0,0,0,0,0,0,0,0,0,0,0,0,0,0
"61","casual",11,1,1,1,1,1,0,0,1,1,0,1,0,1,1,1
"62","cautious",10,1,1,0,0,1,0,1,1,1,0,1,0,1,1,1
"63","certain",15,1,1,1,1,1,1,1,1,1,1,1,1,1,1,1
"64","charming",15,1,1,1,1,1,1,1,1,1,1,1,1,1,1,1
"65","cheap",12,0,1,1,1,1,0,1,1,1,0,1,1,1,1,1
"66","cheerful",15,1,1,1,1,1,1,1,1,1,1,1,1,1,1,1
"67","childish",13,0,1,1,1,1,1,0,1,1,1,1,1,1,1,1
"68","chubby",7,1,0,1,1,1,0,0,0,1,0,0,0,1,1,0
"69","clean",15,1,1,1,1,1,1,1,1,1,1,1,1,1,1,1
"70","clever",13,0,1,1,1,1,1,1,1,1,0,1,1,1,1,1
"71","closed-minded",0,0,0,0,0,0,0,0,0,0,0,0,0,0,0,0
"72","clumsy",8,1,1,0,1,0,1,0,1,1,0,1,0,1,0,0
"73","cocky",0,0,0,0,0,0,0,0,0,0,0,0,0,0,0,0
"74","cold",15,1,1,1,1,1,1,1,1,1,1,1,1,1,1,1
"75","colorful",0,0,0,0,0,0,0,0,0,0,0,0,0,0,0,0
"76","comfortable",13,0,1,1,1,1,1,1,1,1,0,1,1,1,1,1
"77","comical",9,0,0,1,1,0,0,1,0,1,1,1,0,1,1,1
"78","compassionate",11,1,1,1,1,1,1,1,0,1,0,0,0,1,1,1
"79","compatible",4,0,1,0,0,1,0,0,1,0,0,0,0,1,0,0
"80","competent",8,0,0,0,1,1,1,0,1,0,1,1,0,1,0,1
"81","competitive",1,0,0,0,0,0,1,0,0,0,0,0,0,0,0,0
"82","complaining",0,0,0,0,0,0,0,0,0,0,0,0,0,0,0,0
"83","complicated",12,1,1,1,1,1,1,0,1,1,1,1,1,0,1,0
"84","compulsive",0,0,0,0,0,0,0,0,0,0,0,0,0,0,0,0
"85","conceited",3,0,0,0,0,1,1,0,0,0,0,0,0,0,1,0
"86","concerned",6,0,0,1,0,1,0,0,1,0,1,1,0,1,0,0
"87","confident",14,1,1,1,1,1,1,0,1,1,1,1,1,1,1,1
"88","confused",15,1,1,1,1,1,1,1,1,1,1,1,1,1,1,1
"89","confusing",3,0,0,1,1,1,0,0,0,0,0,0,0,0,0,0
"90","conscientious",8,0,1,0,1,1,1,0,0,1,1,0,0,1,1,0
"91","conservative",0,0,0,0,0,0,0,0,0,0,0,0,0,0,0,0
"92","considerate",15,1,1,1,1,1,1,1,1,1,1,1,1,1,1,1
"93","consistent",12,0,1,1,1,1,1,1,1,1,1,0,0,1,1,1
"94","constructive",1,0,0,0,0,0,0,0,0,0,0,0,0,1,0,0
"95","controlling",0,0,0,0,0,0,0,0,0,0,0,0,0,0,0,0
"96","controversial",1,0,0,0,0,0,0,1,0,0,0,0,0,0,0,0
"97","cool",15,1,1,1,1,1,1,1,1,1,1,1,1,1,1,1
"98","cooperative",0,0,0,0,0,0,0,0,0,0,0,0,0,0,0,0
"99","corrupt",6,0,1,1,1,1,0,0,1,1,0,0,0,0,0,0
"100","courageous",4,1,0,1,0,0,0,1,1,0,0,0,0,0,0,0
"101","courteous",8,0,1,1,0,1,0,0,1,1,0,1,0,1,1,0
"102","crabby",0,0,0,0,0,0,0,0,0,0,0,0,0,0,0,0
"103","cranky",0,0,0,0,0,0,0,0,0,0,0,0,0,0,0,0
"104","crazy",14,1,1,1,0,1,1,1,1,1,1,1,1,1,1,1
"105","creative",0,0,0,0,0,0,0,0,0,0,0,0,0,0,0,0
"106","critical",7,0,1,0,0,1,1,0,0,0,0,1,1,1,1,0
"107","cruel",15,1,1,1,1,1,1,1,1,1,1,1,1,1,1,1
"108","curious",15,1,1,1,1,1,1,1,1,1,1,1,1,1,1,1
"109","cute",2,0,1,0,0,0,0,0,0,1,0,0,0,0,0,0
"110","dangerous",15,1,1,1,1,1,1,1,1,1,1,1,1,1,1,1
"111","daring",12,1,1,1,1,1,0,1,1,1,1,0,0,1,1,1
"112","decent",13,1,1,1,1,1,1,1,1,1,0,1,0,1,1,1
"113","dedicated",1,0,0,1,0,0,0,0,0,0,0,0,0,0,0,0
"114","defensive",2,0,1,0,1,0,0,0,0,0,0,0,0,0,0,0
"115","delighted",14,1,1,1,1,1,1,0,1,1,1,1,1,1,1,1
"116","delightful",14,1,1,1,1,1,1,0,1,1,1,1,1,1,1,1
"117","demanding",0,0,0,0,0,0,0,0,0,0,0,0,0,0,0,0
"118","democratic",0,0,0,0,0,0,0,0,0,0,0,0,0,0,0,0
"119","dependable",0,0,0,0,0,0,0,0,0,0,0,0,0,0,0,0
"120","dependent",10,0,1,1,0,1,1,1,1,1,0,1,0,0,1,1
"121","depressed",10,1,1,1,0,1,1,0,1,1,1,1,0,1,0,0
"122","desirable",15,1,1,1,1,1,1,1,1,1,1,1,1,1,1,1
"123","determined",2,0,0,0,1,0,1,0,0,0,0,0,0,0,0,0
"124","devoted",14,1,1,1,1,1,1,1,1,1,1,1,0,1,1,1
"125","difficult",15,1,1,1,1,1,1,1,1,1,1,1,1,1,1,1
"126","direct",14,1,1,1,1,1,1,1,1,1,1,1,0,1,1,1
"127","disabled",8,0,1,0,1,1,1,1,1,0,0,0,0,1,1,0
"128","disappointed",13,1,1,1,1,1,0,1,1,1,0,1,1,1,1,1
"129","disgusting",4,0,0,0,1,0,0,1,1,0,0,0,0,0,1,0
"130","dishonest",6,0,0,0,1,1,0,1,0,0,0,0,0,1,1,1
"131","disobedient",0,0,0,0,0,0,0,0,0,0,0,0,0,0,0,0
"132","disorganized",0,0,0,0,0,0,0,0,0,0,0,0,0,0,0,0
"133","disrespectful",4,0,0,0,1,0,1,0,0,1,0,1,0,0,0,0
"134","distinguished",12,0,1,1,1,1,1,0,1,1,1,1,1,1,1,0
"135","disturbed",10,1,1,1,1,1,1,0,1,1,0,0,0,1,1,0
"136","dominant",3,1,0,0,1,1,0,0,0,0,0,0,0,0,0,0
"137","down-to-earth",0,0,0,0,0,0,0,0,0,0,0,0,0,0,0,0
"138","dumb",15,1,1,1,1,1,1,1,1,1,1,1,1,1,1,1
"139","eager",13,0,1,1,1,1,1,1,1,1,0,1,1,1,1,1
"140","easygoing",0,0,0,0,0,0,0,0,0,0,0,0,0,0,0,0
"141","educated",0,0,0,0,0,0,0,0,0,0,0,0,0,0,0,0
"142","effective",2,0,0,0,0,0,0,0,0,0,0,0,1,1,0,0
"143","efficient",2,0,0,0,0,0,1,0,0,1,0,0,0,0,0,0
"144","elderly",15,1,1,1,1,1,1,1,1,1,1,1,1,1,1,1
"145","embarrassed",10,0,1,1,1,1,0,0,1,1,1,0,0,1,1,1
"146","embarrassing",7,1,1,0,0,0,0,0,0,1,1,1,0,1,1,0
"147","emotional",0,0,0,0,0,0,0,0,0,0,0,0,0,0,0,0
"148","employed",0,0,0,0,0,0,0,0,0,0,0,0,0,0,0,0
"149","encouraged",2,1,0,1,0,0,0,0,0,0,0,0,0,0,0,0
"150","encouraging",9,1,0,1,0,1,1,0,1,1,0,0,1,0,1,1
"151","energetic",6,1,1,0,0,0,0,1,0,0,0,0,0,1,1,1
"152","entertaining",10,0,1,1,1,1,1,0,1,1,0,1,0,1,0,1
"153","enthusiastic",8,0,0,1,0,1,0,1,0,1,0,1,1,1,1,0
"154","ethical",0,0,0,0,0,0,0,0,0,0,0,0,0,0,0,0
"155","evil",15,1,1,1,1,1,1,1,1,1,1,1,1,1,1,1
"156","excellent",15,1,1,1,1,1,1,1,1,1,1,1,1,1,1,1
"157","exceptional",5,1,0,1,0,0,1,0,1,0,0,0,0,1,0,0
"158","excited",13,1,1,0,1,1,1,0,1,1,1,1,1,1,1,1
"159","exciting",7,0,0,1,0,0,0,0,1,0,0,1,1,1,1,1
"160","exhausted",1,0,0,0,0,0,0,0,0,0,0,1,0,0,0,0
"161","experienced",7,0,0,0,0,1,0,0,1,0,0,1,1,1,1,1
"162","expressive",15,1,1,1,1,1,1,1,1,1,1,1,1,1,1,1
"163","extraordinary",15,1,1,1,1,1,1,1,1,1,1,1,1,1,1,1
"164","fair",15,1,1,1,1,1,1,1,1,1,1,1,1,1,1,1
"165","faithful",14,1,1,1,1,1,1,1,1,1,0,1,1,1,1,1
"166","familiar",15,1,1,1,1,1,1,1,1,1,1,1,1,1,1,1
"167","famous",13,1,1,1,1,1,1,1,1,1,0,0,1,1,1,1
"168","fascinating",10,1,1,1,1,1,0,0,1,0,1,0,0,1,1,1
"169","fat",13,0,1,1,1,1,1,1,1,1,0,1,1,1,1,1
"170","feminine",11,1,1,1,0,1,1,1,0,1,1,1,0,1,0,1
"171","fine",15,1,1,1,1,1,1,1,1,1,1,1,1,1,1,1
"172","firm",11,0,1,1,1,1,1,0,0,1,1,1,1,1,0,1
"173","flexible",2,0,0,0,0,0,0,0,0,1,0,0,0,0,0,1
"174","foolish",14,1,1,1,1,1,1,1,1,1,0,1,1,1,1,1
"175","forgetful",3,0,1,1,0,0,0,0,0,1,0,0,0,0,0,0
"176","forgiving",6,0,1,0,1,0,1,0,1,1,0,0,0,0,1,0
"177","fortunate",15,1,1,1,1,1,1,1,1,1,1,1,1,1,1,1
"178","forward",2,0,0,0,1,1,0,0,0,0,0,0,0,0,0,0
"179","friendly",15,1,1,1,1,1,1,1,1,1,1,1,1,1,1,1
"180","frightening",9,1,0,1,1,0,0,0,1,1,0,0,1,1,1,1
"181","frustrated",0,0,0,0,0,0,0,0,0,0,0,0,0,0,0,0
"182","frustrating",0,0,0,0,0,0,0,0,0,0,0,0,0,0,0,0
"183","funny",4,0,0,1,0,0,0,0,0,0,0,1,0,0,1,1
"184","furious",10,1,1,0,0,1,1,0,1,0,1,1,1,1,1,0
"185","generous",14,1,1,1,1,1,1,0,1,1,1,1,1,1,1,1
"186","gentle",15,1,1,1,1,1,1,1,1,1,1,1,1,1,1,1
"187","genuine",15,1,1,1,1,1,1,1,1,1,1,1,1,1,1,1
"188","gifted",10,0,1,0,1,0,1,0,0,1,1,1,1,1,1,1
"189","giving",0,0,0,0,0,0,0,0,0,0,0,0,0,0,0,0
"190","glad",15,1,1,1,1,1,1,1,1,1,1,1,1,1,1,1
"191","glamorous",0,0,0,0,0,0,0,0,0,0,0,0,0,0,0,0
"192","good-natured",12,1,1,1,1,1,1,0,1,1,1,1,0,1,0,1
"193","good-humored",0,0,0,0,0,0,0,0,0,0,0,0,0,0,0,0
"194","good-for-nothing",2,0,1,0,0,0,0,0,0,0,0,1,0,0,0,0
"195","good-looking",9,0,0,1,1,0,1,0,1,1,0,1,1,1,1,0
"196","good",15,1,1,1,1,1,1,1,1,1,1,1,1,1,1,1
"197","gorgeous",10,1,0,1,0,1,1,0,1,1,1,0,0,1,1,1
"198","graceful",10,0,1,1,0,1,1,0,1,1,1,1,0,1,0,1
"199","gracious",15,1,1,1,1,1,1,1,1,1,1,1,1,1,1,1
"200","grateful",15,1,1,1,1,1,1,1,1,1,1,1,1,1,1,1
"201","great",15,1,1,1,1,1,1,1,1,1,1,1,1,1,1,1
"202","greedy",13,1,1,1,1,1,1,1,0,1,1,1,1,1,0,1
"203","grouchy",0,0,0,0,0,0,0,0,0,0,0,0,0,0,0,0
"204","grumpy",1,0,0,0,1,0,0,0,0,0,0,0,0,0,0,0
"205","handicapped",0,0,0,0,0,0,0,0,0,0,0,0,0,0,0,0
"206","handsome",15,1,1,1,1,1,1,1,1,1,1,1,1,1,1,1
"207","happy",15,1,1,1,1,1,1,1,1,1,1,1,1,1,1,1
"208","hard-working",4,0,0,1,0,0,0,0,0,1,0,1,1,0,0,0
"209","hard",15,1,1,1,1,1,1,1,1,1,1,1,1,1,1,1
"210","harmless",11,1,1,1,1,0,0,0,1,1,1,1,1,1,1,0
"211","healthy",7,1,0,1,0,1,0,1,0,0,1,1,0,0,0,1
"212","heartbroken",0,0,0,0,0,0,0,0,0,0,0,0,0,0,0,0
"213","helpful",2,1,0,0,0,0,0,0,0,0,0,0,0,1,0,0
"214","helpless",12,1,1,1,1,0,1,0,0,1,1,1,1,1,1,1
"215","hilarious",2,0,0,1,0,0,0,0,0,0,0,0,0,0,0,1
"216","homeless",4,0,0,1,0,1,0,0,1,0,0,0,1,0,0,0
"217","honest",15,1,1,1,1,1,1,1,1,1,1,1,1,1,1,1
"218","hopeful",12,0,0,1,1,1,1,1,1,1,1,1,0,1,1,1
"219","hostile",4,0,0,0,0,1,0,0,0,1,0,1,0,0,1,0
"220","hot-tempered",0,0,0,0,0,0,0,0,0,0,0,0,0,0,0,0
"221","humiliated",0,0,0,0,0,0,0,0,0,0,0,0,0,0,0,0
"222","humorous",8,0,0,0,1,1,0,0,1,1,1,0,1,0,1,1
"223","idealistic",0,0,0,0,0,0,0,0,0,0,0,0,0,0,0,0
"224","ignorant",14,1,1,1,1,1,1,1,1,1,1,1,1,1,1,0
"225","imaginative",4,0,0,0,1,0,0,1,1,1,0,0,0,0,0,0
"226","immature",1,1,0,0,0,0,0,0,0,0,0,0,0,0,0,0
"227","impatient",14,1,1,1,1,1,1,1,1,1,1,1,1,1,0,1
"228","impolite",1,0,0,0,0,0,0,0,0,0,0,0,0,1,0,0
"229","important",15,1,1,1,1,1,1,1,1,1,1,1,1,1,1,1
"230","impressive",14,1,1,1,1,1,1,1,1,1,1,1,1,1,1,0
"231","impulsive",2,0,0,0,0,0,0,0,1,0,1,0,0,0,0,0
"232","incompetent",1,0,0,0,0,0,0,0,0,0,0,0,0,1,0,0
"233","inconsiderate",4,0,1,0,1,0,0,1,0,0,0,0,0,0,0,1
"234","indecisive",1,0,0,0,0,1,0,0,0,0,0,0,0,0,0,0
"235","independent",14,0,1,1,1,1,1,1,1,1,1,1,1,1,1,1
"236","inexperienced",9,0,1,1,1,1,0,0,1,0,0,1,0,1,1,1
"237","influential",5,0,0,0,0,0,0,0,1,1,0,1,0,1,1,0
"238","informal",2,0,0,0,0,0,0,0,1,1,0,0,0,0,0,0
"239","innocent",15,1,1,1,1,1,1,1,1,1,1,1,1,1,1,1
"240","insane",7,0,0,0,1,0,1,1,1,0,0,1,0,1,1,0
"241","insecure",1,0,1,0,0,0,0,0,0,0,0,0,0,0,0,0
"242","insensitive",0,0,0,0,0,0,0,0,0,0,0,0,0,0,0,0
"243","insulting",8,0,0,0,0,1,1,0,1,1,1,1,1,0,1,0
"244","intellectual",11,0,0,1,1,1,1,1,1,1,0,1,1,1,1,0
"245","intelligent",8,0,0,1,0,0,1,1,1,1,0,0,1,1,1,0
"246","interested",14,1,1,1,1,1,1,1,1,1,0,1,1,1,1,1
"247","interesting",15,1,1,1,1,1,1,1,1,1,1,1,1,1,1,1
"248","intimidating",0,0,0,0,0,0,0,0,0,0,0,0,0,0,0,0
"249","involved",2,1,0,0,0,0,0,1,0,0,0,0,0,0,0,0
"250","irrational",3,0,0,1,0,0,0,0,1,0,0,0,0,1,0,0
"251","irresponsible",1,0,0,0,0,0,1,0,0,0,0,0,0,0,0,0
"252","irritable",6,0,0,1,0,1,0,0,1,1,0,1,0,0,1,0
"253","irritated",5,0,0,1,0,1,0,0,1,0,0,0,0,1,0,1
"254","irritating",2,0,0,0,0,0,1,0,0,0,0,0,0,0,0,1
"255","jealous",9,0,0,1,1,1,1,0,1,1,0,1,0,1,0,1
"256","joyful",8,0,0,1,1,1,0,0,0,1,1,0,1,1,1,0
"257","kind",13,0,1,1,1,1,1,1,1,1,1,1,0,1,1,1
"258","kind-hearted",6,0,1,1,0,0,0,0,1,0,0,1,1,0,1,0
"259","knowledgeable",0,0,0,0,0,0,0,0,0,0,0,0,0,0,0,0
"260","laid-back",0,0,0,0,0,0,0,0,0,0,0,0,0,0,0,0
"261","laughing",4,0,0,1,1,0,0,0,0,1,0,0,0,1,0,0
"262","lazy",9,0,1,0,1,0,1,0,0,1,1,1,0,1,1,1
"263","level-headed",0,0,0,0,0,0,0,0,0,0,0,0,0,0,0,0
"264","liberal",12,1,0,0,1,1,1,0,1,1,1,1,1,1,1,1
"265","likeable",0,0,0,0,0,0,0,0,0,0,0,0,0,0,0,0
"266","little",15,1,1,1,1,1,1,1,1,1,1,1,1,1,1,1
"267","lively",10,0,1,0,1,1,0,0,1,1,1,1,1,1,1,0
"268","logical",6,0,1,0,1,1,1,0,0,1,0,0,0,1,0,0
"269","lonely",15,1,1,1,1,1,1,1,1,1,1,1,1,1,1,1
"270","lonesome",5,0,0,1,0,0,1,0,1,0,0,1,0,0,0,1
"271","loud",14,1,1,1,1,1,1,1,1,1,0,1,1,1,1,1
"272","lovable",1,0,0,0,0,0,0,0,1,0,0,0,0,0,0,0
"273","lovely",14,1,1,1,1,1,1,0,1,1,1,1,1,1,1,1
"274","loving",14,1,1,1,1,1,1,1,1,1,1,1,1,1,0,1
"275","loyal",6,1,1,1,0,0,0,0,1,0,1,0,0,0,1,0
"276","lucky",13,1,1,1,1,1,1,0,1,1,0,1,1,1,1,1
"277","masculine",4,0,0,0,1,0,0,0,0,1,1,0,0,0,0,1
"278","materialistic",0,0,0,0,0,0,0,0,0,0,0,0,0,0,0,0
"279","mature",5,0,0,0,1,1,0,0,0,0,0,1,1,1,0,0
"280","mean",9,0,1,1,1,1,1,0,1,0,0,1,0,1,0,1
"281","messy",0,0,0,0,0,0,0,0,0,0,0,0,0,0,0,0
"282","middle-class",0,0,0,0,0,0,0,0,0,0,0,0,0,0,0,0
"283","middle-aged",7,0,0,1,1,0,1,0,0,1,0,0,1,0,1,1
"284","modest",15,1,1,1,1,1,1,1,1,1,1,1,1,1,1,1
"285","moody",4,0,0,0,1,1,0,0,1,0,0,0,0,0,0,1
"286","motherly",8,0,1,1,1,1,1,0,1,0,0,1,0,1,0,0
"287","muscular",7,0,1,1,0,0,1,0,0,0,0,1,1,1,1,0
"288","naive",0,0,0,0,0,0,0,0,0,0,0,0,0,0,0,0
"289","narrow-minded",0,0,0,0,0,0,0,0,0,0,0,0,0,0,0,0
"290","natural",15,1,1,1,1,1,1,1,1,1,1,1,1,1,1,1
"291","neat",14,1,1,1,1,1,1,1,1,1,0,1,1,1,1,1
"292","needy",7,1,0,0,0,0,0,0,1,1,0,1,0,1,1,1
"293","negative",12,1,1,1,0,1,1,0,1,1,1,0,1,1,1,1
"294","neglected",0,0,0,0,0,0,0,0,0,0,0,0,0,0,0,0
"295","neighborly",0,0,0,0,0,0,0,0,0,0,0,0,0,0,0,0
"296","nervous",13,1,1,1,1,1,1,1,1,1,0,1,1,1,1,0
"297","nice",14,1,1,1,1,1,1,0,1,1,1,1,1,1,1,1
"298","noisy",9,0,1,1,0,0,0,1,0,1,1,1,1,1,0,1
"299","normal",3,0,0,0,0,0,1,0,1,0,0,0,0,1,0,0
"300","nosy",0,0,0,0,0,0,0,0,0,0,0,0,0,0,0,0
"301","obnoxious",10,1,1,0,1,1,1,0,1,1,1,0,0,0,1,1
"302","observant",13,1,1,1,1,1,1,1,1,1,1,0,1,1,1,0
"303","obsessive",0,0,0,0,0,0,0,0,0,0,0,0,0,0,0,0
"304","offensive",13,1,1,1,1,1,1,1,1,1,1,1,0,1,0,1
"305","old-fashioned",14,1,1,1,1,1,1,1,1,1,1,1,0,1,1,1
"306","old",15,1,1,1,1,1,1,1,1,1,1,1,1,1,1,1
"307","open",15,1,1,1,1,1,1,1,1,1,1,1,1,1,1,1
"308","open-minded",0,0,0,0,0,0,0,0,0,0,0,0,0,0,0,0
"309","opinionated",1,0,0,0,0,0,0,0,1,0,0,0,0,0,0,0
"310","optimistic",0,0,0,0,0,0,0,0,0,0,0,0,0,0,0,0
"311","ordinary",13,0,1,1,1,1,0,1,1,1,1,1,1,1,1,1
"312","organized",0,0,0,0,0,0,0,0,0,0,0,0,0,0,0,0
"313","original",15,1,1,1,1,1,1,1,1,1,1,1,1,1,1,1
"314","outgoing",0,0,0,0,0,0,0,0,0,0,0,0,0,0,0,0
"315","outspoken",1,0,0,0,0,0,0,1,0,0,0,0,0,0,0,0
"316","outstanding",3,0,0,1,0,0,0,0,0,0,0,0,1,0,0,1
"317","overrated",1,0,0,0,0,0,1,0,0,0,0,0,0,0,0,0
"318","overworked",1,0,0,0,0,0,0,0,1,0,0,0,0,0,0,0
"319","passionate",12,1,1,1,1,0,0,0,1,1,1,1,1,1,1,1
"320","pathetic",12,1,0,1,1,1,1,1,1,1,1,1,0,1,0,1
"321","patient",9,0,1,1,1,0,0,1,1,1,1,1,0,1,0,0
"322","peaceful",12,1,1,1,0,1,0,0,1,1,1,1,1,1,1,1
"323","perceptive",2,0,0,0,0,0,0,0,0,1,0,0,0,1,0,0
"324","persistent",5,1,0,1,0,0,1,0,1,0,0,0,0,1,0,0
"325","persuasive",10,0,1,1,0,1,1,0,1,1,1,1,0,0,1,1
"326","phony",0,0,0,0,0,0,0,0,0,0,0,0,0,0,0,0
"327","plain",15,1,1,1,1,1,1,1,1,1,1,1,1,1,1,1
"328","playful",8,0,1,1,1,0,1,0,0,1,0,0,1,1,1,0
"329","pleasant",15,1,1,1,1,1,1,1,1,1,1,1,1,1,1,1
"330","pleased",13,1,1,1,1,1,1,1,1,1,0,1,0,1,1,1
"331","pleasing",0,0,0,0,0,0,0,0,0,0,0,0,0,0,0,0
"332","polite",14,1,1,1,1,1,1,0,1,1,1,1,1,1,1,1
"333","poor",15,1,1,1,1,1,1,1,1,1,1,1,1,1,1,1
"334","popular",14,1,1,1,1,1,1,1,1,1,1,1,0,1,1,1
"335","positive",10,0,0,1,1,1,1,0,1,1,1,1,1,0,0,1
"336","possessive",0,0,0,0,0,0,0,0,0,0,0,0,0,0,0,0
"337","powerful",15,1,1,1,1,1,1,1,1,1,1,1,1,1,1,1
"338","practical",13,1,1,1,1,1,1,1,1,1,0,1,0,1,1,1
"339","predictable",0,0,0,0,0,0,0,0,0,0,0,0,0,0,0,0
"340","prejudiced",3,0,0,0,0,0,0,0,1,0,1,0,0,1,0,0
"341","preoccupied",0,0,0,0,0,0,0,0,0,0,0,0,0,0,0,0
"342","presentable",5,0,0,1,1,1,1,0,0,0,0,0,0,1,0,0
"343","pretty",15,1,1,1,1,1,1,1,1,1,1,1,1,1,1,1
"344","private",15,1,1,1,1,1,1,1,1,1,1,1,1,1,1,1
"345","procrastinating",0,0,0,0,0,0,0,0,0,0,0,0,0,0,0,0
"346","productive",5,0,0,1,0,0,0,0,0,0,0,1,1,0,1,1
"347","professional",14,0,1,1,1,1,1,1,1,1,1,1,1,1,1,1
"348","prominent",9,0,1,1,1,1,1,1,0,0,0,1,0,1,0,1
"349","prompt",6,0,0,1,0,1,0,0,1,0,0,1,1,0,1,0
"350","proper",14,1,1,1,1,1,1,1,1,1,0,1,1,1,1,1
"351","prosperous",10,1,1,1,1,1,1,1,1,0,0,1,0,1,0,0
"352","protective",0,0,0,0,0,0,0,0,0,0,0,0,0,0,0,0
"353","proud",15,1,1,1,1,1,1,1,1,1,1,1,1,1,1,1
"354","punctual",12,0,0,1,1,1,1,1,1,1,1,1,1,1,1,0
"355","quiet",15,1,1,1,1,1,1,1,1,1,1,1,1,1,1,1
"356","radical",1,0,0,0,0,0,0,0,0,0,0,0,0,0,0,1
"357","realistic",0,0,0,0,0,0,0,0,0,0,0,0,0,0,0,0
"358","reasonable",15,1,1,1,1,1,1,1,1,1,1,1,1,1,1,1
"359","rebellious",8,0,1,0,0,1,1,0,0,0,0,1,1,1,1,1
"360","reckless",8,0,1,0,0,1,1,0,1,0,0,1,1,1,0,1
"361","relaxed",0,0,0,0,0,0,0,0,0,0,0,0,0,0,0,0
"362","reliable",3,0,0,1,0,1,0,0,1,0,0,0,0,0,0,0
"363","religious",11,1,1,1,1,1,0,1,1,1,0,1,1,1,0,0
"364","remarkable",15,1,1,1,1,1,1,1,1,1,1,1,1,1,1,1
"365","resourceful",0,0,0,0,0,0,0,0,0,0,0,0,0,0,0,0
"366","respectable",15,1,1,1,1,1,1,1,1,1,1,1,1,1,1,1
"367","respected",9,0,0,1,0,1,1,1,1,1,1,0,0,1,1,0
"368","respectful",13,0,1,1,1,1,1,1,0,1,1,1,1,1,1,1
"369","responsible",14,1,1,1,1,1,1,0,1,1,1,1,1,1,1,1
"370","retarded",0,0,0,0,0,0,0,0,0,0,0,0,0,0,0,0
"371","rich",15,1,1,1,1,1,1,1,1,1,1,1,1,1,1,1
"372","ridiculous",13,1,1,1,1,1,1,1,1,1,1,1,0,1,1,0
"373","romantic",9,0,1,1,1,0,1,0,0,1,1,1,0,1,1,0
"374","rough",15,1,1,1,1,1,1,1,1,1,1,1,1,1,1,1
"375","rowdy",0,0,0,0,0,0,0,0,0,0,0,0,0,0,0,0
"376","rude",12,0,1,1,1,1,1,1,1,1,0,1,0,1,1,1
"377","rushed",0,0,0,0,0,0,0,0,0,0,0,0,0,0,0,0
"378","sad",15,1,1,1,1,1,1,1,1,1,1,1,1,1,1,1
"379","sarcastic",7,1,0,1,0,1,0,0,1,0,0,1,0,1,0,1
"380","satisfied",13,0,1,1,1,1,1,0,1,1,1,1,1,1,1,1
"381","scared",7,1,1,1,1,1,0,0,1,0,1,0,0,0,0,0
"382","secure",6,0,1,0,0,1,1,0,1,0,0,0,0,1,0,1
"383","seductive",2,0,0,1,0,0,0,0,0,0,0,0,0,0,1,0
"384","self-conscious",0,0,0,0,0,0,0,0,0,0,0,0,0,0,0,0
"385","self-confident",0,0,0,0,0,0,0,0,0,0,0,0,0,0,0,0
"386","self-assured",1,0,0,0,0,0,0,0,0,0,0,0,1,0,0,0
"387","self-supporting",0,0,0,0,0,0,0,0,0,0,0,0,0,0,0,0
"388","self-sufficient",2,0,0,0,0,0,0,0,0,0,1,0,0,1,0,0
"389","self-centered",0,0,0,0,0,0,0,0,0,0,0,0,0,0,0,0
"390","selfish",9,1,0,1,1,1,0,1,1,1,0,1,0,1,0,0
"391","senile",0,0,0,0,0,0,0,0,0,0,0,0,0,0,0,0
"392","sensible",14,1,1,1,1,1,1,1,1,1,1,1,0,1,1,1
"393","sensitive",14,1,1,1,1,1,1,0,1,1,1,1,1,1,1,1
"394","sentimental",7,0,0,0,0,0,0,1,1,1,0,0,1,1,1,1
"395","serious",15,1,1,1,1,1,1,1,1,1,1,1,1,1,1,1
"396","sexy",0,0,0,0,0,0,0,0,0,0,0,0,0,0,0,0
"397","shallow",7,0,1,0,1,0,0,0,1,1,0,0,1,1,0,1
"398","short-tempered",0,0,0,0,0,0,0,0,0,0,0,0,0,0,0,0
"399","short",15,1,1,1,1,1,1,1,1,1,1,1,1,1,1,1
"400","shy",10,0,0,1,1,1,1,1,1,1,1,0,0,1,0,1
"401","sincere",4,0,1,0,1,0,0,0,0,0,1,0,0,0,0,1
"402","skilled",1,0,1,0,0,0,0,0,0,0,0,0,0,0,0,0
"403","skillful",1,0,0,0,0,0,0,0,0,1,0,0,0,0,0,0
"404","skinny",4,0,0,0,0,1,0,0,0,0,0,1,1,0,1,0
"405","sleepy",9,1,1,1,1,0,0,0,1,0,0,1,0,1,1,1
"406","slender",9,0,0,1,1,1,1,0,1,1,1,1,0,0,0,1
"407","slim",5,0,1,0,0,0,0,0,0,1,0,1,0,1,1,0
"408","sloppy",5,0,0,0,1,0,0,0,0,0,0,1,0,1,1,1
"409","smart",13,0,1,1,1,1,1,0,1,1,1,1,1,1,1,1
"410","snobbish",0,0,0,0,0,0,0,0,0,0,0,0,0,0,0,0
"411","sociable",3,0,0,0,0,1,1,0,0,0,0,0,0,1,0,0
"412","social",14,1,1,1,1,1,1,1,1,1,1,1,0,1,1,1
"413","soft-spoken",2,0,1,0,0,0,0,0,0,0,0,0,0,0,0,1
"414","sophisticated",0,0,0,0,0,0,0,0,0,0,0,0,0,0,0,0
"415","spoiled",0,0,0,0,0,0,0,0,0,0,0,0,0,0,0,0
"416","spontaneous",5,0,1,1,0,1,0,0,1,1,0,0,0,0,0,0
"417","stable",11,1,1,1,0,1,1,0,1,1,0,1,0,1,1,1
"418","stingy",0,0,0,0,0,0,0,0,0,0,0,0,0,0,0,0
"419","straightforward",7,0,0,1,0,1,0,1,1,1,0,1,0,0,1,0
"420","strange",15,1,1,1,1,1,1,1,1,1,1,1,1,1,1,1
"421","strict",15,1,1,1,1,1,1,1,1,1,1,1,1,1,1,1
"422","strong",15,1,1,1,1,1,1,1,1,1,1,1,1,1,1,1
"423","stubborn",4,0,0,0,1,1,0,1,1,0,0,0,0,0,0,0
"424","stuck-up",1,0,0,0,0,0,0,0,0,0,0,1,0,0,0,0
"425","stupid",13,0,0,1,1,1,1,1,1,1,1,1,1,1,1,1
"426","successful",12,0,1,1,1,1,0,1,1,1,0,1,1,1,1,1
"427","superstitious",3,0,1,0,0,0,0,0,1,0,0,1,0,0,0,0
"428","supportive",0,0,0,0,0,0,0,0,0,0,0,0,0,0,0,0
"429","surprised",13,1,0,1,1,1,1,1,1,1,0,1,1,1,1,1
"430","suspicious",14,1,1,1,1,1,1,1,1,1,0,1,1,1,1,1
"431","sweet",14,1,1,1,1,1,1,0,1,1,1,1,1,1,1,1
"432","sympathetic",4,0,0,1,0,1,0,0,1,0,0,0,0,1,0,0
"433","talented",5,0,0,0,1,0,0,0,1,1,0,1,0,0,1,0
"434","talkative",5,0,1,0,1,0,0,0,0,0,0,1,0,0,1,1
"435","tall",15,1,1,1,1,1,1,1,1,1,1,1,1,1,1,1
"436","temperamental",0,0,0,0,0,0,0,0,0,0,0,0,0,0,0,0
"437","tense",4,0,0,0,0,0,1,1,0,1,0,0,0,1,0,0
"438","terrible",15,1,1,1,1,1,1,1,1,1,1,1,1,1,1,1
"439","terrific",14,1,1,1,1,1,1,1,1,1,1,1,1,1,1,0
"440","thankful",12,1,1,1,1,1,1,0,1,1,0,1,1,1,0,1
"441","thin",14,1,1,1,1,1,1,1,1,1,0,1,1,1,1,1
"442","thinking",0,0,0,0,0,0,0,0,0,0,0,0,0,0,0,0
"443","thorough",11,1,1,1,1,1,0,1,1,1,0,1,1,1,0,0
"444","thoughtful",14,1,1,1,1,1,1,1,1,1,0,1,1,1,1,1
"445","thoughtless",3,0,0,0,1,0,0,0,0,1,0,0,0,0,0,1
"446","tiny",11,1,1,1,1,1,0,0,1,1,1,1,0,0,1,1
"447","tired",15,1,1,1,1,1,1,1,1,1,1,1,1,1,1,1
"448","tolerant",3,0,0,0,0,1,0,0,1,1,0,0,0,0,0,0
"449","tough",9,0,1,1,1,1,0,0,1,1,0,0,0,1,1,1
"450","traditional",0,0,0,0,0,0,0,0,0,0,0,0,0,0,0,0
"451","troubled",14,1,1,1,1,1,1,1,1,1,1,0,1,1,1,1
"452","trusted",0,0,0,0,0,0,0,0,0,0,0,0,0,0,0,0
"453","trusting",0,0,0,0,0,0,0,0,0,0,0,0,0,0,0,0
"454","trustworthy",6,0,1,1,0,1,0,0,1,0,0,0,1,1,0,0
"455","truthful",1,0,0,0,0,0,0,0,0,1,0,0,0,0,0,0
"456","unattractive",1,0,0,0,0,0,0,0,0,0,0,0,0,1,0,0
"457","uncomfortable",13,0,1,1,1,1,1,1,1,1,1,1,1,1,1,0
"458","undependable",0,0,0,0,0,0,0,0,0,0,0,0,0,0,0,0
"459","understandable",0,0,0,0,0,0,0,0,0,0,0,0,0,0,0,0
"460","understanding",0,0,0,0,0,0,0,0,0,0,0,0,0,0,0,0
"461","uneducated",2,0,0,0,1,0,0,0,1,0,0,0,0,0,0,0
"462","unemployed",4,0,0,0,1,0,1,0,1,0,0,1,0,0,0,0
"463","unfair",5,1,0,1,0,0,0,0,1,1,0,0,1,0,0,0
"464","unfaithful",1,0,0,0,0,0,0,0,1,0,0,0,0,0,0,0
"465","unforgettable",0,0,0,0,0,0,0,0,0,0,0,0,0,0,0,0
"466","unfriendly",1,0,0,0,1,0,0,0,0,0,0,0,0,0,0,0
"467","ungraceful",1,0,1,0,0,0,0,0,0,0,0,0,0,0,0,0
"468","unhappy",15,1,1,1,1,1,1,1,1,1,1,1,1,1,1,1
"469","uninhibited",0,0,0,0,0,0,0,0,0,0,0,0,0,0,0,0
"470","unlucky",12,1,1,1,1,1,1,1,1,1,1,0,0,1,1,0
"471","unpopular",5,1,0,1,0,0,0,0,0,1,0,1,0,1,0,0
"472","unpredictable",0,0,0,0,0,0,0,0,0,0,0,0,0,0,0,0
"473","unreasonable",13,1,0,1,1,1,1,1,1,1,1,0,1,1,1,1
"474","unreliable",0,0,0,0,0,0,0,0,0,0,0,0,0,0,0,0
"475","unstable",0,0,0,0,0,0,0,0,0,0,0,0,0,0,0,0
"476","unsure",0,0,0,0,0,0,0,0,0,0,0,0,0,0,0,0
"477","unusual",15,1,1,1,1,1,1,1,1,1,1,1,1,1,1,1
"478","upset",0,0,0,0,0,0,0,0,0,0,0,0,0,0,0,0
"479","useful",14,1,1,1,1,1,1,1,1,1,0,1,1,1,1,1
"480","valuable",13,1,1,1,1,1,1,1,1,1,0,1,1,1,1,0
"481","violent",15,1,1,1,1,1,1,1,1,1,1,1,1,1,1,1
"482","warm-hearted",4,0,1,1,0,0,0,0,0,0,0,1,0,0,1,0
"483","warm",15,1,1,1,1,1,1,1,1,1,1,1,1,1,1,1
"484","wasteful",2,0,0,1,0,0,0,0,0,1,0,0,0,0,0,0
"485","weak",15,1,1,1,1,1,1,1,1,1,1,1,1,1,1,1
"486","wealthy",9,0,0,1,0,1,0,1,1,1,0,1,1,1,0,1
"487","weird",6,1,0,1,0,0,1,0,1,0,1,0,0,1,0,0
"488","well-adjusted",0,0,0,0,0,0,0,0,0,0,0,0,0,0,0,0
"489","well",0,0,0,0,0,0,0,0,0,0,0,0,0,0,0,0
"490","well-known",11,1,1,0,1,0,1,0,1,0,1,1,1,1,1,1
"491","well-to-do",1,0,0,0,0,0,1,0,0,0,0,0,0,0,0,0
"492","well-liked",0,0,0,0,0,0,0,0,0,0,0,0,0,0,0,0
"493","wise",15,1,1,1,1,1,1,1,1,1,1,1,1,1,1,1
"494","wishy-washy",0,0,0,0,0,0,0,0,0,0,0,0,0,0,0,0
"495","witty",2,0,0,0,0,0,0,0,0,1,0,1,0,0,0,0
"496","wonderful",15,1,1,1,1,1,1,1,1,1,1,1,1,1,1,1
"497","worthy",15,1,1,1,1,1,1,1,1,1,1,1,1,1,1,1
"498","young",15,1,1,1,1,1,1,1,1,1,1,1,1,1,1,1
"499","youthful",15,1,1,1,1,1,1,1,1,1,1,1,1,1,1,1
