"family";"friend"
"family";"governess"
"friend";"governess"
"friend";"shadow"
"governess";"shadow"
"companion";"family"
"companion";"friend"
"companion";"possessed"
"family";"possessed"
"friend";"possessed"
"friend";"mile"
"fill";"though"
"accepted";"even"
"accepted";"universally"
"even";"universally"
"able";"though"
"backgammon";"flow"
"backgammon";"ideas"
"flow";"ideas"
"advantage";"marriage"
"advantage";"secure"
"marriage";"secure"
"friend";"happily"
"joy";"matter"
"manage";"unaffected"
"infinite";"marriage"
"#-enough";"refrain"
"especially";"marriage"
"especially";"rather"
"marriage";"rather"
"even";"secure"
"even";"marriage"
"even";"unhappy"
"marriage";"unhappy"
"distress";"joy"
"exactly";"matters"
"able";"far"
"far";"though"
"exactly";"girl"
"exactly";"sight"
"girl";"sight"
"fair";"hair"
"family";"girl"
"family";"unfit"
"girl";"unfit"
"rather";"sorry"
"another";"though"
"girl";"introduction"
"convinced";"exactly"
"convinced";"friend"
"exactly";"friend"
"another";"enough"
"another";"parlours"
"another";"picture"
"enough";"parlours"
"enough";"picture"
"parlours";"picture"
"appeared";"daughter"
"appeared";"forever"
"appeared";"friend"
"daughter";"forever"
"daughter";"friend"
"forever";"friend"
"family";"though"
"daughter";"mere"
"especially";"sorry"
"fairly";"family"
"enough";"girl"
"girl";"though"
"another";"family"
"another";"sorry"
"family";"sorry"
"adapt";"girl"
"adapt";"varieties"
"girl";"varieties"
"another";"vanity"
"arise";"matter"
"arise";"unjust"
"matter";"unjust"
"slight";"though"
"introduction";"proofs"
"picture";"sight"
"another";"pet"
"catch";"doors"
"enough";"fearful"
"enough";"incommoding"
"fearful";"incommoding"
"exactly";"rather"
"contained";"marriage"
"sentiments";"though"
"sentiments";"unaffected"
"though";"unaffected"
"conscience";"natured"
"conscience";"though"
"natured";"though"
"accepted";"replying"
"accepted";"unhappy"
"replying";"unhappy"
"companion";"solace"
"daughter";"though"
"another";"pace"
"friend";"reason"
"marriage";"reason"
"considers";"family"
"girl";"incomprehensible"
"girl";"marriage"
"incomprehensible";"marriage"
"rather";"ventured"
"companion";"probability"
"companion";"worse"
"probability";"worse"
"associates";"daughter"
"chose";"friend"
"chose";"line"
"chose";"rather"
"line";"rather"
"friend";"unjust"
"girl";"instead"
"enough";"reason"
"enough";"ideas"
"flow";"girl"
"flow";"marriage"
"flow";"though"
"marriage";"though"
"catch";"girl"
"fair";"friend"
"appeared";"convinced"
"appeared";"reason"
"convinced";"reason"
"able";"rather"
"matters";"rather"
"night";"though"
"friend";"sober"
"joy";"rather"
"joy";"recited"
"joy";"sorry"
"rather";"recited"
"recited";"sorry"
"exactly";"flow"
"friend";"though"
"especially";"slowly"
"friend";"hesitating"
"hesitating";"though"
"advantage";"pace"
"enough";"probability"
"enough";"though"
"ideas";"though"
"bye";"enough"
"sight";"slight"
"pace";"rather"
"companion";"detail"
"companion";"fair"
"companion";"north"
"detail";"fair"
"detail";"friend"
"detail";"north"
"fair";"north"
"friend";"north"
"another";"communicated"
"days";"family"
"exciting";"rather"
"even";"far"
"even";"nervously"
"far";"marriage"
"far";"nervously"
"marriage";"nervously"
"endured";"even"
"endured";"joy"
"endured";"ones"
"endured";"sleeping"
"even";"joy"
"even";"ones"
"even";"sleeping"
"joy";"ones"
"joy";"sleeping"
"ones";"sleeping"
"blindness";"friend"
"endured";"especially"
"endured";"though"
"especially";"though"
"convinced";"night"
"convinced";"scarlet"
"night";"scarlet"
"family";"rather"
"girl";"rather"
"daughter";"fearful"
"daughter";"flow"
"fearful";"flow"
"convinced";"though"
"though";"worse"
"able";"daughter"
"another";"friend"
"able";"unfortunately"
"daughter";"unfortunately"
"instead";"sorry"
"family";"mud"
"exactly";"line"
"attentions";"attributing"
"attentions";"friend"
"attentions";"rather"
"attentions";"renewal"
"attentions";"though"
"attributing";"friend"
"attributing";"rather"
"attributing";"renewal"
"attributing";"though"
"friend";"rather"
"friend";"renewal"
"rather";"renewal"
"rather";"though"
"renewal";"though"
"another";"rather"
"another";"reason"
"another";"try"
"rather";"reason"
"rather";"try"
"reason";"try"
"exactly";"fair"
"exactly";"though"
"fair";"though"
"employments";"especially"
"able";"fair"
"able";"friend"
"able";"naming"
"fair";"naming"
"friend";"naming"
"amusing";"arise"
"amusing";"pretensions"
"arise";"pretensions"
"coldness";"daughter"
"coldness";"shrinking"
"daughter";"shrinking"
"another";"clothing"
"another";"spend"
"clothing";"rather"
"clothing";"spend"
"rather";"spend"
"companion";"enough"
"companion";"refrain"
"enough";"refrain"
"rather";"worse"
"matters";"private"
"enjoyable";"sight"
"able";"appeared"
"able";"attentions"
"able";"enough"
"appeared";"attentions"
"appeared";"enough"
"attentions";"daughter"
"attentions";"enough"
"daughter";"enough"
"especially";"even"
"strongly";"though"
"exactly";"matter"
"able";"spend"
"refrain";"though"
"another";"wind"
"able";"spare"
"able";"doors"
"companion";"sober"
"night";"renewal"
"night";"sight"
"renewal";"sight"
"mile";"rather"
"accepted";"night"
"accepted";"sentiments"
"night";"sentiments"
"elevate";"enough"
"able";"overpowered"
"friend";"sorry"
"especially";"friend"
"especially";"mere"
"friend";"mere"
"alliances";"inconsiderable"
"observation";"ordinary"
"distress";"enough"
"daughter";"exciting"
"daughter";"ideas"
"exciting";"ideas"
"days";"prisoner"
"fairly";"though"
"days";"exactly"
"days";"private"
"exactly";"private"
"daughter";"improved"
"enough";"improved"
"compliance";"spend"
"#-able";"though"
"advantage";"friend"
"convinced";"grief"
"betraying";"matters"
"betraying";"sentiments"
"betraying";"sympathise"
"matters";"sentiments"
"matters";"sympathise"
"sentiments";"sympathise"
"appeared";"inevitable"
"persisting";"sight"
"sober";"though"
"able";"sorry"
"advantage";"sight"
"ones";"unmanageable"
"secure";"though"
"behindhand";"friend"
"adapt";"universally"
"another";"appeared"
"another";"unjust"
"appeared";"unjust"
"daughter";"even"
"enough";"far"
"spectacles";"though"
"#-able";"rather"
"far";"try"
"action";"girl"
"action";"grief"
"action";"infantry"
"girl";"grief"
"girl";"infantry"
"grief";"infantry"
"friend";"girl"
"accepted";"family"
"another";"daughter"
"happily";"marriage"
"happily";"rather"
"contained";"though"
"ate";"exactly"
"#-forgive";"enough"
"even";"sound"
"amusing";"sorry"
"another";"instead"
"mere";"try"
"introduction";"vanity"
"#-improved";"enough"
"humiliation";"sight"
"appeared";"line"
"daughter";"line"
"daughter";"spend"
"line";"spend"
"line";"though"
"spend";"though"
"another";"even"
"appeared";"dared"
"dissipate";"distress"
"coaches";"friend"
"fearful";"sight"
"leaned";"reason"
"days";"dry"
"enough";"joy"
"appeared";"introduction"
"able";"brain"
"fathers";"try"
"conferred";"family"
"conferred";"friend"
"another";"night"
"another";"sleeping"
"night";"sleeping"
"agreeably";"friend"
"observation";"though"
"days";"inconsiderable"
"days";"though"
"days";"visibly"
"inconsiderable";"though"
"inconsiderable";"visibly"
"though";"visibly"
"enough";"even"
"appeared";"matter"
"appeared";"rather"
"girl";"prone"
"companion";"reserve"
"companion";"trouble"
"friend";"reserve"
"friend";"trouble"
"reserve";"trouble"
"appeared";"hair"
"friend";"ideas"
"appeared";"though"
"convinced";"observation"
"hair";"reason"
"able";"days"
"able";"even"
"days";"even"
"able";"practise"
"another";"owner"
"another";"spare"
"owner";"spare"
"advantage";"family"
"advantage";"naming"
"advantage";"rather"
"family";"naming"
"naming";"rather"
"pianoforte";"sight"
"pianoforte";"unexpected"
"sight";"unexpected"
"convinced";"enough"
"another";"pianoforte"
"even";"pianoforte"
"even";"reason"
"pianoforte";"reason"
"exactly";"instead"
"exactly";"pianoforte"
"pianoforte";"rather"
"even";"friend"
"fair";"pianoforte"
"friend";"pianoforte"
"enough";"rather"
"accepted";"days"
"accepted";"far"
"accepted";"though"
"days";"far"
"days";"night"
"even";"night"
"even";"though"
"far";"night"
"advantage";"though"
"agreeably";"correctly"
"matter";"though"
"family";"night"
"fearful";"though"
"enough";"obstinate"
"obstinate";"reason"
"appeared";"persons"
"companion";"night"
"bye";"spectacles"
"able";"another"
"dark";"rather"
"pianoforte";"spectacles"
"apple";"pianoforte"
"#-possessed";"arise"
"#-possessed";"enough"
"#-possessed";"reason"
"arise";"enough"
"arise";"reason"
"daughter";"pianoforte"
"companion";"watches"
"enough";"exactly"
"even";"exactly"
"another";"naming"
"enough";"resorted"
"far";"matter"
"enough";"try"
"far";"worse"
"catch";"worse"
"interrupted";"unfortunately"
"another";"line"
"hesitating";"rather"
"days";"preparations"
"able";"try"
"#-surpass";"rather"
"convinced";"rather"
"even";"spare"
"inevitable";"though"
"amusing";"though"
"amusing";"unhappy"
"though";"unhappy"
"friend";"spare"
"#-dared";"even"
"#-dared";"worse"
"even";"worse"
"enough";"grief"
"changes";"interrupted"
"changes";"rather"
"changes";"though"
"interrupted";"rather"
"interrupted";"though"
"horrible";"rather"
"embarrassment";"shorten"
"attract";"rather"
"companion";"though"
"introduction";"secluded"
"introduction";"secure"
"secluded";"secure"
"attentions";"line"
"friend";"line"
"dashing";"friend"
"another";"chose"
"matter";"mere"
"matter";"politeness"
"mere";"politeness"
"#-even";"another"
"appeared";"even"
"appeared";"worse"
"appeared";"meditated"
"friend";"meditated"
"action";"vanity"
"enough";"pressure"
"candles";"exactly"
"far";"inevitable"
"enough";"precisely"
"eighth";"fortitude"
"able";"ninth"
"able";"persons"
"even";"ninth"
"even";"persons"
"ninth";"persons"
"instead";"reluctant"
"claimed";"sorry"
"determine";"far"
"enough";"family"
"especially";"meditated"
"meditated";"though"
"able";"commonplace"
"able";"family"
"able";"ideas"
"commonplace";"family"
"commonplace";"ideas"
"family";"ideas"
"even";"family"
"another";"mile"
"exciting";"family"
"exciting";"though"
"gloomy";"ideas"
"days";"spend"
"fair";"family"
"sound";"though"
"able";"absolute"
"determine";"observation"
"matter";"spend"
"persons";"spend"
"another";"sound"
"another";"closely"
"closely";"family"
"scale";"vanity"
"slowly";"though"
"another";"praises"
"another";"vigorously"
"praises";"vigorously"
"advantage";"vanity"
"though";"vanity"
"#-appeared";"advantage"
"days";"friend"
"days";"rather"
"another";"sight"
"catch";"though"
"biscuits";"enough"
"biscuits";"sweetbread"
"enough";"sweetbread"
"rather";"sweetbread"
"grandpapa";"matters"
"grandpapa";"persons"
"matters";"persons"
"mile";"patch"
"able";"slowly"
"rather";"slowly"
"mile";"night"
"another";"dared"
"dared";"friend"
"brain";"ideas"
"#-exactly";"though"
"days";"hesitating"
"reason";"though"
"brain";"far"
"able";"instead"
"even";"private"
"days";"dreams"
"instead";"sight"
"embarrassment";"mere"
"another";"exactly"
"another";"far"
"communicated";"exactly"
"communicated";"far"
"communicated";"rather"
"exactly";"far"
"far";"rather"
"goodwill";"unmanageable"
"days";"ventured"
"preparations";"ventured"
"manage";"matters"
"especially";"happily"
"family";"observation"
"appeared";"observation"
"distress";"trouble"
"distress";"sight"
"joy";"sight"
"#-sorry";"estimation"
"#-sorry";"though"
"estimation";"though"
"#-catch";"slight"
"#-catch";"though"
"observation";"rather"
"observation";"tranquil"
"rather";"tranquil"
"endured";"sight"
"even";"sight"
"endured";"rather"
"far";"friend"
"appeared";"far"
"appeared";"hill"
"far";"hill"
"friend";"picture"
"denial";"enough"
"driving";"pace"
"pianoforte";"roused"
"conjectures";"enough"
"conjectures";"pianoforte"
"enough";"pianoforte"
"governess";"unexpected"
"family";"touching"
"though";"touching"
"able";"action"
"action";"even"
"action";"friend"
"friend";"pace"
"agony";"matter"
"agony";"though"
"convinced";"family"
"another";"attentions"
"#-communicated";"private"
"exactly";"family"
"exactly";"vault"
"family";"vault"
"instead";"matter"
"enough";"unhappy"
"even";"try"
"coldness";"even"
"coldness";"girl"
"coldness";"unhappy"
"even";"girl"
"girl";"unhappy"
"advantage";"counsels"
"friend";"unhappy"
"contained";"improved"
"contained";"proofs"
"friend";"sound"
"enough";"friend"
"enough";"night"
"friend";"night"
"humiliation";"matter"
"commonplace";"exciting"
"far";"strongly"
"family";"instead"
"embarrassment";"fair"
"companion";"convinced"
"friend";"instead"
"friend";"probability"
"instead";"probability"
"distress";"even"
"appeared";"wind"
"erroneous";"picture"
"#-far";"friend"
"able";"refrain"
"even";"refrain"
"sight";"tranquil"
"blindness";"conjectures"
"blindness";"reason"
"conjectures";"reason"
"exactly";"reason"
"attentions";"vanity"
"far";"purity"
"far";"regards"
"purity";"regards"
"another";"depressed"
"dared";"enough"
"attentions";"exactly"
"detail";"though"
"detail";"unseasonableness"
"though";"unseasonableness"
"enough";"instead"
"instead";"though"
"adding";"days"
"line";"picture"
"communicated";"especially"
"matter";"rather"
"bye";"friend"
"bye";"governess"
"able";"unaffected"
"even";"unaffected"
"family";"mere"
"bordering";"worse"
"distress";"though"
"fold";"replies"
"fold";"reticule"
"replies";"reticule"
"appeared";"cloud"
"broiling";"worse"
"convinced";"daughter"
"practise";"unhappy"
"accepted";"friend"
"estimation";"interrupted"
"estimation";"reserve"
"interrupted";"reserve"
"even";"fair"
"another";"marriage"
"able";"matters"
"even";"matters"
"enough";"universally"
"convinced";"girl"
"connect";"fair"
"deaf";"though"
"daughter";"decent"
"decent";"enough"
"dared";"far"
"able";"distress"
"able";"marriage"
"daughter";"distress"
"daughter";"marriage"
"distress";"marriage"
